{
	"IdentityComponent": true,
	"Name": "none",
	"GameObjectType": "1",

	"TransformComponent": true,
	"Position": [ 0.0, 0.0 ],
	"Scale": [ 1.0, 1.0 ],
	"Rotate": 0.0,

	"GraphicsComponent": true,
	"G.TypeId": 0,
	"G.FileName": ".png",

	"RigidBodyComponent": true,
	"Mass": 10.0,
	"Friction": 5.0,
	"Static": false,

	"ColliderComponent": true,
	"ColliderTypeId": 1,
	"ColliderTag": 2,

	"LogicComponent": true,
	"ScriptId": [ 1, 2, 3 ],
	"Health": 10,
	"Speed": 3,
	"Lifetime": 0,
	"Weapons": [ 1, 3, 4 ], // note this isnt being used currently

	"AudioComponent": true,
	"A.TypeId": 0,
	"A.FileName": ".ogg"

}