{
	"Serialisation": [
		"./Resources/TextFiles/GameObjects/Wall.json",
		"./Resources/TextFiles/GameObjects/Floor.json",
		"./Resources/TextFiles/GameObjects/player.json",
		"./Resources/TextFiles/GameObjects/Enemy.json",
		"./Resources/TextFiles/GameObjects/Bullet.json",
		"./Resources/TextFiles/GameObjects/Turret.json",
		"./Resources/TextFiles/GameObjects/Spawner.json",
		"./Resources/TextFiles/GameObjects/Font.json"
	],

	"Legend":[
						"0":"Background(floors)",
						"1":"Line Borders",
						"2":"Walls",
						"3": "Spawner",
						"4": "Spawner2" ],
		
		"Width": 20,
		"Height": 20,

		"TileMap":"
		0 0 0 0 0 0 0 0 0 0 0 0 0 0 0 0 0 0 0 0 
		0 0 0 0 0 0 0 0 0 0 0 0 0 0 0 0 0 0 0 0 
		0 0 0 0 0 0 0 0 0 0 0 0 0 0 0 0 0 0 0 0 
		0 0 0 0 0 0 0 0 0 0 0 0 0 0 0 0 0 0 0 0 
		0 0 0 0 0 0 0 0 0 0 0 0 0 0 0 0 0 0 0 0 
		1 1 1 1 1 1 1 1 1 1 1 1 1 1 1 1 0 0 0 0 
		1 3 0 0 0 0 2 0 0 0 0 0 0 0 3 1 0 0 0 0 
		1 4 0 0 0 0 2 0 0 0 0 0 0 0 0 1 0 0 0 0 
		1 0 0 0 0 0 0 0 0 0 0 0 0 0 0 1 0 0 0 0 
		1 0 0 0 0 0 0 0 0 0 0 0 0 0 0 1 0 0 0 0 
		1 0 0 0 2 0 0 0 0 0 2 2 2 0 0 1 0 0 0 0 
		1 0 0 0 0 0 0 0 0 0 0 0 0 0 0 1 0 0 0 0 
		1 0 2 0 0 0 0 0 0 0 0 0 0 0 0 1 0 0 0 0 
		1 0 0 0 2 0 0 0 2 2 2 0 0 0 0 1 0 0 0 0 
		1 0 0 0 2 0 0 0 0 0 0 0 0 0 0 1 0 0 0 0 
		1 2 0 2 2 0 0 0 0 0 0 0 0 0 0 1 0 0 0 0 
		1 0 0 0 0 0 0 0 0 0 0 0 0 0 0 1 0 0 0 0 
		1 0 0 0 0 0 0 2 2 0 0 0 0 0 0 1 0 0 0 0 
		1 3 0 2 0 0 0 2 0 0 0 0 0 4 3 1 0 0 0 0 
		1 1 1 1 1 1 1 1 1 1 1 1 1 1 1 1 0 0 0 0 "
		
}