{
  "IdentityComponent": true,
  "Name": "none",
  "GameObjectType": 25,
  "ObjectType": "Boss",

  "TransformComponent": true,
  "Position": [ 0.0, 0.0 ],
  "Scale": [ 200.0, 200.0 ],
  "Rotate": 0.0,

  "GraphicsComponent": true,
  "G.TypeId": 0,
  "G.FileName": "enemy1",

  "RigidBodyComponent": true,
  "Mass": 5.0,
  "Friction": 0.1,
  "Static": false,

  "CircleColliderComponent": true,
  "ColliderTypeId": 2,
  "ColliderTag": 3,
  "ColliderTrigger": false,

  "LogicComponent": true,
  "ScriptId": [ "BOSS" ],
  "Health": 100,
  "EnemyType": 0,

  "AudioComponent": true,
  "A.TypeId": 0,
  "A.FileName": "audio_enemy.ogg"
}