{
  "IdentityComponent": true,
  "Name": "none",
  "GameObjectType": 27,
  "ObjectType": "EnemyThree",

  "TransformComponent": true,
  "Position": [ 0.0, 0.0 ],
  "Scale": [ 70.0, 70.0 ],
  "Rotate": 0.0,

  "GraphicsComponent": true,
  "G.TypeId": 0,
  "G.FileName": "enemy2",

  "RigidBodyComponent": true,
  "Mass": 5.0,
  "Friction": 0.1,
  "Static": false,

  "CircleColliderComponent": true,
  "ColliderTypeId": 2,
  "ColliderTag": 3,
  "ColliderTrigger": false,

  "LogicComponent": true,
  "ScriptId": [ "ENEMYTHREE" ],
  "Health": 5,
  "AttackRange": 4,
  "StunDuration": 5.0,

  "AudioComponent": true,
  "A.TypeId": 0,
  "A.FileName": "audio_enemy.ogg"
}