{
  "IdentityComponent": true,
  "Name": "none",
  "GameObjectType": 23,
  "ObjectType": "PickUps_Health",


  "TransformComponent": true,
  "Position": [ 0.0, 0.0 ],
  "Scale": [ 50.0, 50.0 ],
  "Rotate": 0.0,

  "GraphicsComponent": true,
  "G.TypeId": 0,
  "G.FileName": "health",

  "CircleColliderComponent": true,
  "ColliderTypeId": 2,
  "ColliderTag": 9,
  "ColliderTrigger": true,

  "LogicComponent": true,
  "ScriptId": [ "PICK_UPS" ],
  "Lifetime": 3.0,
  "PickUps_Type": 1
}