{
  "IdentityComponent": true,
  "Name": "none",
  "GameObjectType": 4,
  "ObjectType": "SpawnerTwo",

  "TransformComponent": true,
  "Position": [ 0.0, 0.0 ],
  "Scale": [ 100.0, 100.0 ],
  "Rotate": 0.0,

  "GraphicsComponent": true,
  "G.TypeId": 0,
  "G.FileName": "spawner",

  "ColliderComponent": true,
  "ColliderTypeId": 2,
  "ColliderTag": 5,
  "ColliderTrigger": true,

  "LogicComponent": true,
  "ScriptId": [ "SPAWNER" ],
  "Health": 20,
  "SpawnType": 3,
  "SpawnRate": 5.0
}